document,topic,probability,series,category
卡拉马佐夫兄弟 小说1.txt,主题3,0.9909505818085756,卡拉马佐夫兄弟,小说
卡拉马佐夫兄弟 小说2.txt,主题3,0.9972683649472076,卡拉马佐夫兄弟,小说
卡拉马佐夫兄弟 小说3.txt,主题3,0.9999257926411542,卡拉马佐夫兄弟,小说
卡拉马佐夫兄弟 小说4.txt,主题3,0.9999261322524716,卡拉马佐夫兄弟,小说
卡拉马佐夫兄弟 小说5.txt,主题3,0.9987907797100709,卡拉马佐夫兄弟,小说
卡拉马佐夫兄弟 小说6.txt,主题3,0.9965919465860715,卡拉马佐夫兄弟,小说
卡拉马佐夫兄弟 小说7.txt,主题3,0.9991004893029695,卡拉马佐夫兄弟,小说
卡拉马佐夫兄弟 小说8.txt,主题3,0.9999330863046587,卡拉马佐夫兄弟,小说
嫌疑人x的献身 小说1.txt,主题1,0.9840856898270633,嫌疑人x的献身,小说
嫌疑人x的献身 小说2.txt,主题1,0.9996147336412782,嫌疑人x的献身,小说
嫌疑人x的献身 小说3.txt,主题1,0.999593362523278,嫌疑人x的献身,小说
嫌疑人x的献身 小说4.txt,主题1,0.9995849741091876,嫌疑人x的献身,小说
嫌疑人x的献身 小说5.txt,主题1,0.999592273941335,嫌疑人x的献身,小说
嫌疑人x的献身 小说6.txt,主题1,0.9996196337646381,嫌疑人x的献身,小说
嫌疑人x的献身 小说7.txt,主题1,0.9995830054116956,嫌疑人x的献身,小说
嫌疑人x的献身 小说8.txt,主题1,0.9758351274793469,嫌疑人x的献身,小说
沉默的真相 小说1.txt,主题1,0.9996973773851615,沉默的真相,小说
沉默的真相 小说2.txt,主题1,0.9996845240429791,沉默的真相,小说
沉默的真相 小说3.txt,主题1,0.9996757940731473,沉默的真相,小说
沉默的真相 小说4.txt,主题1,0.9996128472770447,沉默的真相,小说
沉默的真相 小说5.txt,主题1,0.9996457383574479,沉默的真相,小说
沉默的真相 小说6.txt,主题1,0.9996639311503465,沉默的真相,小说
沉默的真相 小说7.txt,主题1,0.9996610289368341,沉默的真相,小说
沉默的真相 小说8.txt,主题1,0.9996606062273878,沉默的真相,小说
道林格雷 小说1.txt,主题2,0.9643372282693407,道林格雷,小说
道林格雷 小说2.txt,主题2,0.9789560532694523,道林格雷,小说
道林格雷 小说3.txt,主题2,0.9811366828336335,道林格雷,小说
道林格雷 小说4.txt,主题2,0.9858239462504348,道林格雷,小说
道林格雷 小说5.txt,主题2,0.9552399064196964,道林格雷,小说
道林格雷 小说6.txt,主题2,0.9411666900434058,道林格雷,小说
道林格雷 小说7.txt,主题2,0.8882563745992333,道林格雷,小说
道林格雷 小说8.txt,主题2,0.9003955630407723,道林格雷,小说
卡拉马佐夫兄弟 剧本1.txt,主题3,0.9966946935781938,卡拉马佐夫兄弟,剧本
卡拉马佐夫兄弟 剧本2.txt,主题3,0.9978767784658106,卡拉马佐夫兄弟,剧本
卡拉马佐夫兄弟 剧本3.txt,主题3,0.9976129855926027,卡拉马佐夫兄弟,剧本
卡拉马佐夫兄弟 剧本4.txt,主题3,0.9975742090580332,卡拉马佐夫兄弟,剧本
卡拉马佐夫兄弟 剧本5.txt,主题3,0.9975368100607174,卡拉马佐夫兄弟,剧本
卡拉马佐夫兄弟 剧本6.txt,主题3,0.9973565907105564,卡拉马佐夫兄弟,剧本
卡拉马佐夫兄弟 剧本7.txt,主题3,0.996857880699175,卡拉马佐夫兄弟,剧本
卡拉马佐夫兄弟 剧本8.txt,主题3,0.9977491675054779,卡拉马佐夫兄弟,剧本
嫌疑人x的献身 剧本1.txt,主题2,0.9982764882876183,嫌疑人x的献身,剧本
嫌疑人x的献身 剧本2.txt,主题2,0.9978838714866469,嫌疑人x的献身,剧本
嫌疑人x的献身 剧本3.txt,主题2,0.9980393038507717,嫌疑人x的献身,剧本
嫌疑人x的献身 剧本4.txt,主题2,0.9976106426274446,嫌疑人x的献身,剧本
嫌疑人x的献身 剧本5.txt,主题2,0.9981450566921679,嫌疑人x的献身,剧本
嫌疑人x的献身 剧本6.txt,主题2,0.9981013252363492,嫌疑人x的献身,剧本
嫌疑人x的献身 剧本7.txt,主题2,0.9978075755793606,嫌疑人x的献身,剧本
嫌疑人x的献身 剧本8.txt,主题2,0.9025648785776513,嫌疑人x的献身,剧本
沉默的真相 剧本1.txt,主题2,0.9981511968710712,沉默的真相,剧本
沉默的真相 剧本2.txt,主题2,0.9980101624593885,沉默的真相,剧本
沉默的真相 剧本3.txt,主题2,0.9981090247692599,沉默的真相,剧本
沉默的真相 剧本4.txt,主题2,0.9970126527334661,沉默的真相,剧本
沉默的真相 剧本5.txt,主题2,0.9979202874285888,沉默的真相,剧本
沉默的真相 剧本6.txt,主题2,0.9978008810583001,沉默的真相,剧本
沉默的真相 剧本7.txt,主题2,0.997360295649242,沉默的真相,剧本
沉默的真相 剧本8.txt,主题2,0.9982272965114859,沉默的真相,剧本
道林格雷 剧本1.txt,主题3,0.997800295990321,道林格雷,剧本
道林格雷 剧本2.txt,主题3,0.9977403658605548,道林格雷,剧本
道林格雷 剧本3.txt,主题3,0.9979905076523572,道林格雷,剧本
道林格雷 剧本4.txt,主题3,0.9983544969463117,道林格雷,剧本
道林格雷 剧本5.txt,主题3,0.9979104160740693,道林格雷,剧本
道林格雷 剧本6.txt,主题3,0.9981481761522931,道林格雷,剧本
道林格雷 剧本7.txt,主题3,0.9979361824552545,道林格雷,剧本
道林格雷 剧本8.txt,主题3,0.9981347807955202,道林格雷,剧本
